USER_ID,TYPE,FILE_ID,ARRIVAL_TIME,FILE_SIZE,USER2_ID,RF
222,r,13,1210,5,106,0
251,r,8,1444,5,20,0
262,r,24,1855,3,4,0
144,r,15,1960,6,5,0
22,w,31,2804,7,22,0.6
534,r,23,3138,6,19,0
251,r,17,3268,4,2,0
9,w,32,3382,7,9,0.6
174,r,3,3836,4,1,0
126,r,5,4334,6,14,0
325,r,6,4549,7,18,0
329,r,18,4754,6,64,0
165,r,3,4894,4,1,0
285,r,2,5228,2,4,0
411,r,4,5889,7,3,0
192,r,5,5991,6,14,0
361,r,5,6345,6,14,0
461,r,12,6676,1,2,0
386,r,23,7342,6,19,0
138,r,7,7411,3,9,0
17,w,33,7746,1,17,0.6
485,r,1,8071,5,90,0
480,r,1,8228,5,90,0
521,r,19,8527,5,16,0
153,r,10,9086,2,11,0
170,r,5,9533,6,14,0
244,r,6,10094,7,18,0
15,w,34,10143,3,15,0.6
346,r,1,10815,5,90,0
366,r,3,11255,4,1,0
13,w,35,11786,8,13,0.6
9,w,36,12045,2,9,0.6
343,r,3,12496,4,1,0
116,r,25,12771,6,14,0
507,r,13,13086,5,106,0
159,r,15,13197,6,5,0
340,r,22,13616,3,15,0
13,w,37,14576,5,13,0.6
183,r,13,14984,5,106,0
124,r,19,15354,5,16,0
383,r,1,15479,5,90,0
351,r,14,16094,6,1,0
461,r,4,16696,7,3,0
259,r,17,16792,4,2,0
505,r,4,16822,7,3,0
190,r,24,16911,3,4,0
14,w,38,17901,2,14,0.6
144,r,11,18399,3,16,0
276,r,2,18482,2,4,0
149,r,3,19042,4,1,0
19,w,39,19592,3,19,0.6
324,r,12,19648,1,2,0
10,w,40,20741,4,10,0.6
500,r,8,21198,5,20,0
233,r,8,21532,5,20,0
17,w,41,21941,3,17,0.6
167,r,7,22448,3,9,0
474,r,4,22638,7,3,0
147,r,10,22708,2,11,0
135,r,15,23019,6,5,0
104,w,42,24202,8,104,0.6
461,r,22,24412,3,15,0
466,r,3,24461,4,1,0
459,r,23,24834,6,19,0
511,r,9,25123,7,20,0
8,w,43,26285,4,8,0.6
539,r,1,26822,5,90,0
136,r,2,27117,2,4,0
478,r,22,27172,3,15,0
541,r,23,27362,6,19,0
310,r,15,27766,6,5,0
110,w,44,27886,4,110,0.6
18,w,45,29042,7,18,0.6
330,r,25,29080,6,14,0
211,r,22,29088,3,15,0
295,r,4,29509,7,3,0
242,r,19,29801,5,16,0
124,r,17,30435,4,2,0
148,r,3,31351,4,1,0
142,r,12,31554,1,2,0
339,r,12,31750,1,2,0
324,r,15,32035,6,5,0
305,r,2,32438,2,4,0
113,r,6,32708,7,18,0
22,w,46,32906,5,22,0.6
202,r,10,33522,2,11,0
539,r,1,33763,5,90,0
356,r,21,33907,4,16,0
420,r,14,33951,6,1,0
22,w,47,34873,8,22,0.6
175,r,9,35410,7,20,0
185,r,8,35423,5,20,0
15,w,48,35491,7,15,0.6
116,r,20,36482,2,1,0
157,r,25,36847,6,14,0
339,r,7,37089,3,9,0
6,w,49,37700,2,6,0.6
182,r,20,37839,2,1,0
469,r,14,38173,6,1,0
56,w,50,38726,6,56,0.6
294,r,15,39564,6,5,0
113,r,17,39606,4,2,0
179,r,1,40019,5,90,0
359,r,8,40202,5,20,0
2,w,51,40274,10,2,0.6
185,r,22,41183,3,15,0
162,r,21,41286,4,16,0
139,r,11,41313,3,16,0
534,r,6,41392,7,18,0
138,r,8,41414,5,20,0
359,r,20,43012,2,1,0
129,r,15,43310,6,5,0
178,r,8,43361,5,20,0
495,r,12,43813,1,2,0
157,r,6,43938,7,18,0
7,w,52,44355,8,7,0.6
298,r,16,45121,5,18,0
300,r,10,45516,2,11,0
7,w,53,45720,5,7,0.6
488,r,21,45866,4,16,0
20,w,54,46194,8,20,0.6
432,r,5,46792,6,14,0
135,r,14,46886,6,1,0
502,r,21,47347,4,16,0
258,r,6,47459,7,18,0
13,w,55,48089,2,13,0.6
514,r,24,48095,3,4,0
423,r,6,48653,7,18,0
328,r,11,49279,3,16,0
8,w,56,49384,2,8,0.6
5,w,57,49823,4,5,0.6
213,r,2,49931,2,4,0
208,r,4,50579,7,3,0
446,r,15,50622,6,5,0
345,r,13,50837,5,106,0
47,w,58,51424,6,47,0.6
393,r,5,51953,6,14,0
460,r,5,52489,6,14,0
6,w,59,53139,5,6,0.6
311,r,8,53252,5,20,0
509,r,18,53348,6,64,0
130,r,15,53447,6,5,0
413,r,20,54077,2,1,0
322,r,6,55019,7,18,0
261,r,20,55268,2,1,0
154,r,23,55332,6,19,0
3,w,60,55632,3,3,0.6
318,r,22,56030,3,15,0
184,r,24,56144,3,4,0
307,r,13,56531,5,106,0
278,r,13,57284,5,106,0
474,r,19,57513,5,16,0
422,r,17,57522,4,2,0
202,r,18,57819,6,64,0
543,r,13,59061,5,106,0
17,w,61,59151,7,17,0.6
510,r,21,59172,4,16,0
129,r,1,59225,5,90,0
19,w,62,59333,7,19,0.6
537,r,17,60283,4,2,0
173,r,7,60404,3,9,0
258,r,17,60583,4,2,0
517,r,8,61311,5,20,0
3,w,63,61376,1,3,0.6
460,r,13,62013,5,106,0
212,r,7,62211,3,9,0
378,r,18,62655,6,64,0
463,r,3,62720,4,1,0
387,r,13,63161,5,106,0
1,w,64,63439,7,1,0.6
536,r,1,64444,5,90,0
14,w,65,64643,4,14,0.6
311,r,17,64836,4,2,0
153,r,23,65619,6,19,0
160,r,23,65622,6,19,0
220,r,23,65625,6,19,0
476,r,1,65782,5,90,0
9,w,66,66182,6,9,0.6
374,r,11,67065,3,16,0
236,r,20,67158,2,1,0
274,r,6,67411,7,18,0
117,r,1,68186,5,90,0
322,r,22,68401,3,15,0
327,r,2,68523,2,4,0
342,r,22,69146,3,15,0
437,r,1,69964,5,90,0
319,r,3,70223,4,1,0
211,r,6,70538,7,18,0
470,r,16,70898,5,18,0
274,r,17,71683,4,2,0
12,w,67,71881,9,12,0.6
21,w,68,72250,6,21,0.6
20,w,69,72327,8,20,0.6
11,w,70,72875,3,11,0.6
118,r,20,73461,2,1,0
177,r,14,73473,6,1,0
262,r,1,74677,5,90,0
111,r,20,74896,2,1,0
545,r,15,74947,6,5,0
485,r,2,74968,2,4,0
541,r,13,75897,5,106,0
216,r,10,76386,2,11,0
498,r,17,76824,4,2,0
185,r,22,77108,3,15,0
286,r,12,77729,1,2,0
13,w,71,77836,8,13,0.6
367,r,4,78572,7,3,0
479,r,7,78807,3,9,0
302,r,11,78823,3,16,0
102,w,72,78963,5,102,0.6
370,r,13,79475,5,106,0
540,r,5,80208,6,14,0
293,r,16,80319,5,18,0
18,w,73,80779,6,18,0.6
163,r,14,81096,6,1,0
295,r,23,81225,6,19,0
407,r,3,81500,4,1,0
460,r,12,81929,1,2,0
141,r,12,82603,1,2,0
9,w,74,82745,9,9,0.6
11,w,75,82782,7,11,0.6
1,w,76,82960,7,1,0.6
473,r,20,83769,2,1,0
197,r,13,83885,5,106,0
1,w,77,84117,9,1,0.6
450,r,13,84177,5,106,0
432,r,1,84542,5,90,0
20,w,78,84891,3,20,0.6
327,r,25,85638,6,14,0
470,r,7,85983,3,9,0
503,r,1,86484,5,90,0
453,r,13,87156,5,106,0
440,r,7,87204,3,9,0
286,r,1,87258,5,90,0
114,r,14,87623,6,1,0
14,w,79,89185,5,14,0.6
211,r,2,89585,2,4,0
524,r,9,89882,7,20,0
480,r,12,90425,1,2,0
177,r,4,90453,7,3,0
344,r,4,91159,7,3,0
434,r,13,92406,5,106,0
478,r,22,93006,3,15,0
359,r,2,94959,2,4,0
18,w,80,95984,4,18,0.6
118,r,11,96913,3,16,0
5,w,81,97887,6,5,0.6
413,r,10,99189,2,11,0
404,r,13,99323,5,106,0
393,r,4,101371,7,3,0
386,r,13,103148,5,106,0
271,r,17,104702,4,2,0
161,r,64,105766,7,1,0
408,r,38,106406,2,14,0
189,r,50,106534,6,56,0
350,r,51,107604,10,2,0
284,r,53,107902,5,7,0
18,w,82,108788,6,18,0.6
208,r,12,108989,1,2,0
234,r,1,109455,5,90,0
183,r,63,110020,1,3,0
546,r,44,110555,4,110,0
5,w,83,110835,7,5,0.6
477,r,64,111692,7,1,0
193,r,27,112509,5,16,0
206,r,62,113327,7,19,0
278,r,16,113534,5,18,0
176,r,42,113683,8,104,0
13,w,84,114513,4,13,0.6
530,r,62,114819,7,19,0
459,r,60,115400,3,3,0
93,w,85,115846,5,93,0.6
171,r,20,116044,2,1,0
238,r,53,116078,5,7,0
464,r,37,117524,5,13,0
11,w,86,117969,4,11,0.6
493,r,41,118501,3,17,0
208,r,64,118649,7,1,0
350,r,24,118730,3,4,0
213,r,41,119740,3,17,0
273,r,25,119896,6,14,0
20,w,87,119993,5,20,0.6
7,w,88,120027,3,7,0.6
163,r,37,120383,5,13,0
537,r,22,121425,3,15,0
394,r,32,121716,7,9,0
503,r,7,121830,3,9,0
272,r,3,121876,4,1,0
157,r,39,122487,3,19,0
423,r,44,122907,4,110,0
187,r,50,123148,6,56,0
15,w,89,123620,2,15,0.6
7,w,90,123843,9,7,0.6
236,r,63,123945,1,3,0
497,r,9,124559,7,20,0
337,r,47,124660,8,22,0
517,r,19,124929,5,16,0
111,r,1,125295,5,90,0
236,r,50,125375,6,56,0
172,r,38,126605,2,14,0
354,r,9,126809,7,20,0
216,r,66,127257,6,9,0
535,r,65,127793,4,14,0
523,r,62,128068,7,19,0
422,r,50,128116,6,56,0
356,r,49,128462,2,6,0
241,r,42,128965,8,104,0
16,w,91,129225,3,16,0.6
388,r,24,129618,3,4,0
421,r,20,129971,2,1,0
118,r,18,130574,6,64,0
39,w,92,130690,5,39,0.6
276,r,47,130910,8,22,0
203,r,40,131076,4,10,0
527,r,33,131342,1,17,0
360,r,13,132135,5,106,0
9,w,93,132262,5,9,0.6
113,r,7,132781,3,9,0
408,r,19,133055,5,16,0
383,r,54,133226,8,20,0
307,r,28,133363,2,3,0
432,r,46,133547,5,22,0
146,r,43,134214,4,8,0
182,r,65,134553,4,14,0
244,r,20,135047,2,1,0
533,r,1,135147,5,90,0
242,r,44,135422,4,110,0
276,r,10,135718,2,11,0
52,w,94,136706,4,52,0.6
502,r,9,136710,7,20,0
234,r,20,136836,2,1,0
21,w,95,137937,5,21,0.6
330,r,25,137986,6,14,0
321,r,59,138041,5,6,0
439,r,49,138560,2,6,0
333,r,50,138796,6,56,0
6,w,96,139124,7,6,0.6
278,r,6,139223,7,18,0
145,r,8,139921,5,20,0
16,w,97,140131,3,16,0.6
146,r,55,140812,2,13,0
21,w,98,141050,7,21,0.6
389,r,54,141113,8,20,0
6,w,99,141251,6,6,0.6
442,r,55,141263,2,13,0
183,r,43,142159,4,8,0
329,r,38,142526,2,14,0
233,r,54,142634,8,20,0
217,r,19,143042,5,16,0
485,r,61,143661,7,17,0
414,r,1,143792,5,90,0
246,r,46,144353,5,22,0
12,w,100,144995,4,12,0.6
288,r,20,145068,2,1,0
509,r,60,145281,3,3,0
269,r,21,145933,4,16,0
351,r,34,146134,3,15,0
395,r,65,146365,4,14,0
7,w,101,146456,6,7,0.6
6,w,102,146659,5,6,0.6
366,r,60,147530,3,3,0
197,r,56,147586,2,8,0
13,w,103,147905,3,13,0.6
426,r,26,147933,4,4,0
369,r,29,148516,5,10,0
122,r,5,148874,6,14,0
19,w,104,149145,5,19,0.6
11,w,105,149173,5,11,0.6
324,r,52,150056,8,7,0
545,r,19,150145,5,16,0
325,r,29,150491,5,10,0
445,r,49,150880,2,6,0
406,r,53,151980,5,7,0
534,r,26,152007,4,4,0
370,r,22,152160,3,15,0
367,r,58,152810,6,47,0
427,r,61,153159,7,17,0
276,r,44,153897,4,110,0
372,r,65,154140,4,14,0
17,w,106,154141,4,17,0.6
18,w,107,154480,3,18,0.6
146,r,23,155563,6,19,0
468,r,63,155748,1,3,0
486,r,35,156127,8,13,0
444,r,65,156158,4,14,0
443,r,13,156823,5,106,0
403,r,43,157393,4,8,0
99,w,108,157444,9,99,0.6
164,r,61,157600,7,17,0
137,r,24,157959,3,4,0
466,r,13,158657,5,106,0
175,r,7,158894,3,9,0
12,w,109,159285,4,12,0.6
177,r,30,159367,5,7,0
235,r,27,159431,5,16,0
321,r,13,160174,5,106,0
124,r,37,160655,5,13,0
446,r,42,160766,8,104,0
482,r,28,161061,2,3,0
62,w,110,161817,6,62,0.6
172,r,43,162189,4,8,0
224,r,55,162674,2,13,0
135,r,42,162732,8,104,0
272,r,25,163049,6,14,0
63,w,111,163389,7,63,0.6
313,r,10,164041,2,11,0
166,r,42,164341,8,104,0
243,r,7,164550,3,9,0
528,r,4,164776,7,3,0
148,r,43,165249,4,8,0
494,r,44,165749,4,110,0
126,r,21,165804,4,16,0
207,r,34,166124,3,15,0
421,r,53,167030,5,7,0
162,r,59,167168,5,6,0
222,r,50,167319,6,56,0
402,r,10,167618,2,11,0
452,r,14,167888,6,1,0
528,r,38,168147,2,14,0
492,r,52,168993,8,7,0
197,r,42,169223,8,104,0
218,r,26,169326,4,4,0
295,r,20,169420,2,1,0
490,r,30,170136,5,7,0
148,r,32,170716,7,9,0
487,r,33,170969,1,17,0
409,r,25,171018,6,14,0
538,r,35,171554,8,13,0
240,r,6,171625,7,18,0
136,r,36,172043,2,9,0
8,w,112,172148,5,8,0.6
396,r,50,173438,6,56,0
472,r,43,173471,4,8,0
483,r,21,173875,4,16,0
424,r,13,174393,5,106,0
446,r,33,174499,1,17,0
325,r,23,174594,6,19,0
409,r,53,175574,5,7,0
20,w,113,175780,5,20,0.6
531,r,34,175839,3,15,0
340,r,25,176237,6,14,0
496,r,20,176997,2,1,0
113,r,8,177016,5,20,0
73,w,114,177138,8,73,0.6
310,r,50,177321,6,56,0
6,w,115,177527,4,6,0.6
11,w,116,178743,4,11,0.6
271,r,14,178970,6,1,0
381,r,47,179157,8,22,0
352,r,55,179536,2,13,0
486,r,57,179676,4,5,0
211,r,55,180161,2,13,0
220,r,1,180343,5,90,0
229,r,36,180610,2,9,0
9,w,117,181316,9,9,0.6
342,r,63,181389,1,3,0
175,r,18,181499,6,64,0
21,w,118,182034,3,21,0.6
402,r,8,182805,5,20,0
127,r,12,183104,1,2,0
280,r,16,183152,5,18,0
203,r,22,183420,3,15,0
444,r,3,183673,4,1,0
94,w,119,184509,6,94,0.6
223,r,52,185302,8,7,0
21,w,120,185414,3,21,0.6
177,r,32,185605,7,9,0
20,w,121,185751,3,20,0.6
134,r,57,185757,4,5,0
17,w,122,186505,5,17,0.6
499,r,56,187302,2,8,0
54,w,123,187373,5,54,0.6
166,r,1,187510,5,90,0
502,r,62,187615,7,19,0
355,r,33,188168,1,17,0
504,r,59,188811,5,6,0
477,r,33,188857,1,17,0
409,r,35,189335,8,13,0
276,r,41,189523,3,17,0
524,r,24,190131,3,4,0
249,r,38,190208,2,14,0
9,w,124,190970,4,9,0.6
147,r,57,191340,4,5,0
225,r,42,191452,8,104,0
236,r,9,192519,7,20,0
262,r,43,193015,4,8,0
140,r,51,193926,10,2,0
128,r,3,195688,4,1,0
15,w,125,195952,5,15,0.6
247,r,4,197151,7,3,0
215,r,18,197889,6,64,0
530,r,9,198321,7,20,0
6,w,126,200542,4,6,0.6
21,w,127,202655,5,21,0.6
445,r,2,204458,2,4,0
377,r,25,206981,6,14,0
212,r,58,208002,6,47,0
218,r,65,209870,4,14,0
332,r,83,210012,7,5,0
163,r,50,211458,6,56,0
387,r,25,211553,6,14,0
116,r,46,211957,5,22,0
131,r,80,213103,4,18,0
205,r,41,213177,3,17,0
146,r,58,214400,6,47,0
505,r,36,214524,2,9,0
443,r,1,214583,5,90,0
304,r,16,215403,5,18,0
270,r,26,215808,4,4,0
163,r,57,216477,4,5,0
9,w,128,216522,4,9,0.6
14,w,129,217752,4,14,0.6
464,r,86,217960,4,11,0
9,w,130,218193,8,9,0.6
414,r,10,218274,2,11,0
6,w,131,219289,8,6,0.6
493,r,80,219596,4,18,0
131,r,89,220213,2,15,0
180,r,23,220471,6,19,0
130,r,91,221197,3,16,0
232,r,95,221520,5,21,0
464,r,96,222238,7,6,0
346,r,71,222515,8,13,0
2,w,132,222715,9,2,0.6
209,r,88,223865,3,7,0
217,r,3,223972,4,1,0
334,r,74,225179,9,9,0
72,w,133,225504,6,72,0.6
137,r,16,226237,5,18,0
354,r,13,226435,5,106,0
355,r,13,226570,5,106,0
267,r,11,226884,3,16,0
191,r,11,227245,3,16,0
430,r,27,227873,5,16,0
275,r,69,228130,8,20,0
168,r,43,228152,4,8,0
358,r,30,228247,5,7,0
194,r,16,229253,5,18,0
490,r,14,229268,6,1,0
271,r,94,229348,4,52,0
18,w,134,229368,10,18,0.6
422,r,62,229759,7,19,0
303,r,60,230360,3,3,0
510,r,27,230470,5,16,0
414,r,25,230831,6,14,0
155,r,93,231288,5,9,0
164,r,7,231371,3,9,0
520,r,16,231541,5,18,0
344,r,35,231576,8,13,0
278,r,37,232095,5,13,0
445,r,8,232867,5,20,0
426,r,19,233423,5,16,0
502,r,59,234067,5,6,0
394,r,63,234160,1,3,0
10,w,135,234188,3,10,0.6
174,r,56,234668,2,8,0
384,r,9,235398,7,20,0
449,r,8,235531,5,20,0
115,r,75,235851,7,11,0
120,r,93,235978,5,9,0
519,r,54,236032,8,20,0
18,w,136,236706,5,18,0.6
534,r,57,237205,4,5,0
22,w,137,237593,2,22,0.6
230,r,27,237683,5,16,0
492,r,27,238227,5,16,0
6,w,138,238504,5,6,0.6
216,r,25,238735,6,14,0
403,r,19,238910,5,16,0
199,r,93,239487,5,9,0
437,r,61,239533,7,17,0
292,r,46,239980,5,22,0
450,r,65,240333,4,14,0
537,r,79,240830,5,14,0
1,w,139,240997,6,1,0.6
339,r,65,241447,4,14,0
4,w,140,242083,5,4,0.6
153,r,18,242208,6,64,0
6,w,141,242342,2,6,0.6
117,r,23,242795,6,19,0
252,r,51,243261,10,2,0
454,r,17,243625,4,2,0
129,r,97,244006,3,16,0
498,r,95,244408,5,21,0
360,r,66,244544,6,9,0
303,r,72,244593,5,102,0
25,w,142,245454,6,25,0.6
145,r,60,245588,3,3,0
3,w,143,245603,4,3,0.6
182,r,42,246206,8,104,0
16,w,144,246861,4,16,0.6
274,r,4,247428,7,3,0
303,r,38,247476,2,14,0
122,r,108,248058,9,99,0
219,r,84,248446,4,13,0
359,r,8,248692,5,20,0
209,r,24,248823,3,4,0
270,r,37,249189,5,13,0
322,r,97,249419,3,16,0
521,r,81,250179,6,5,0
230,r,108,250218,9,99,0
451,r,46,251584,5,22,0
242,r,14,251729,6,1,0
273,r,54,251984,8,20,0
465,r,40,252817,4,10,0
217,r,55,253032,2,13,0
403,r,37,253134,5,13,0
240,r,89,253535,2,15,0
273,r,94,254166,4,52,0
221,r,91,254598,3,16,0
421,r,19,254686,5,16,0
465,r,12,254788,1,2,0
6,w,145,255398,6,6,0.6
45,w,146,256117,7,45,0.6
184,r,1,256179,5,90,0
161,r,1,256723,5,90,0
425,r,18,256840,6,64,0
391,r,79,256854,5,14,0
522,r,22,257807,3,15,0
248,r,47,258086,8,22,0
22,w,147,258570,8,22,0.6
519,r,3,258917,4,1,0
509,r,73,259406,6,18,0
132,r,80,260084,4,18,0
232,r,25,260088,6,14,0
21,w,148,260203,5,21,0.6
170,r,32,260305,7,9,0
539,r,56,260839,2,8,0
492,r,21,261606,4,16,0
11,w,149,261845,4,11,0.6
219,r,76,262120,7,1,0
191,r,60,262570,3,3,0
22,w,150,262843,8,22,0.6
8,w,151,263158,6,8,0.6
490,r,39,263636,3,19,0
497,r,95,263810,5,21,0
474,r,89,264418,2,15,0
513,r,108,264603,9,99,0
375,r,88,265072,3,7,0
11,w,152,265075,6,11,0.6
263,r,19,265686,5,16,0
271,r,25,265835,6,14,0
136,r,22,266687,3,15,0
220,r,34,267281,3,15,0
106,w,153,267337,6,106,0.6
212,r,65,267798,4,14,0
10,w,154,268035,7,10,0.6
420,r,108,268427,9,99,0
256,r,83,268832,7,5,0
512,r,18,269274,6,64,0
550,r,81,269344,6,5,0
206,r,21,270203,4,16,0
310,r,83,270426,7,5,0
197,r,80,270573,4,18,0
313,r,44,270909,4,110,0
319,r,41,271170,3,17,0
295,r,110,272050,6,62,0
288,r,24,272549,3,4,0
4,w,155,272618,9,4,0.6
415,r,48,272977,7,15,0
439,r,20,273427,2,1,0
113,r,76,274100,7,1,0
134,r,59,274527,5,6,0
210,r,47,274705,8,22,0
236,r,42,274773,8,104,0
150,r,40,274787,4,10,0
112,r,25,275355,6,14,0
229,r,38,275869,2,14,0
403,r,110,276872,6,62,0
537,r,94,276992,4,52,0
165,r,85,277193,5,93,0
360,r,76,278023,7,1,0
423,r,54,278264,8,20,0
367,r,9,278564,7,20,0
470,r,55,278597,2,13,0
194,r,82,279862,6,18,0
519,r,8,279990,5,20,0
390,r,66,280153,6,9,0
139,r,31,280296,7,22,0
504,r,77,281021,9,1,0
155,r,48,281503,7,15,0
415,r,95,281813,5,21,0
289,r,1,282058,5,90,0
141,r,6,282160,7,18,0
96,w,156,282948,3,96,0.6
204,r,28,283394,2,3,0
468,r,20,283561,2,1,0
453,r,72,283720,5,102,0
441,r,82,284305,6,18,0
8,w,157,284747,8,8,0.6
540,r,44,284869,4,110,0
17,w,158,284971,3,17,0.6
341,r,54,286006,8,20,0
537,r,35,286274,8,13,0
448,r,17,286646,4,2,0
175,r,34,286697,3,15,0
511,r,96,287248,7,6,0
544,r,108,287802,9,99,0
55,w,159,288030,5,55,0.6
388,r,54,288707,8,20,0
287,r,63,288998,1,3,0
11,w,160,289242,6,11,0.6
297,r,43,289920,4,8,0
538,r,34,289931,3,15,0
476,r,22,289972,3,15,0
392,r,85,290424,5,93,0
1,w,161,291049,4,1,0.6
172,r,43,291084,4,8,0
183,r,38,291614,2,14,0
159,r,8,292028,5,20,0
210,r,56,292082,2,8,0
11,w,162,292357,6,11,0.6
245,r,38,293022,2,14,0
303,r,10,293106,2,11,0
460,r,18,293954,6,64,0
546,r,53,294156,5,7,0
293,r,42,294590,8,104,0
18,w,163,295511,4,18,0.6
339,r,99,295567,6,6,0
300,r,95,295742,5,21,0
261,r,28,296148,2,3,0
147,r,10,296823,2,11,0
14,w,164,297171,6,14,0.6
10,w,165,297770,6,10,0.6
176,r,29,298383,5,10,0
526,r,40,298414,4,10,0
435,r,6,298464,7,18,0
230,r,78,299163,3,20,0
466,r,17,299567,4,2,0
469,r,98,299619,7,21,0
533,r,81,299995,6,5,0
350,r,39,301004,3,19,0
366,r,26,301082,4,4,0
549,r,7,301549,3,9,0
116,r,11,302751,3,16,0
464,r,11,303728,3,16,0
1,w,166,305724,7,1,0.6
197,r,16,305811,5,18,0
395,r,24,307230,3,4,0
163,r,28,308742,2,3,0
19,w,167,310556,4,19,0.6
451,r,77,312340,9,1,0
187,r,16,313953,5,18,0
394,r,1,316002,5,90,0
312,r,53,317840,5,7,0
355,r,36,319320,2,9,0
315,r,62,319668,7,19,0
13,w,168,320378,4,13,0.6
118,r,62,320783,7,19,0
172,r,127,321174,5,21,0
274,r,126,322274,4,6,0
248,r,58,322408,6,47,0
284,r,44,323003,4,110,0
128,r,70,323791,3,11,0
219,r,108,324620,9,99,0
5,w,169,324818,5,5,0.6
16,w,170,325447,4,16,0.6
544,r,6,325785,7,18,0
20,w,171,325924,5,20,0.6
257,r,25,326651,6,14,0
392,r,68,326783,6,21,0
215,r,51,327500,10,2,0
251,r,55,328020,2,13,0
370,r,126,328066,4,6,0
213,r,117,328693,9,9,0
164,r,14,329209,6,1,0
290,r,74,329215,9,9,0
415,r,68,329646,6,21,0
465,r,19,330650,5,16,0
548,r,110,330965,6,62,0
121,r,68,331192,6,21,0
155,r,25,331567,6,14,0
518,r,40,332778,4,10,0
152,r,72,332957,5,102,0
43,w,172,333036,2,43,0.6
489,r,16,333273,5,18,0
117,r,114,334722,8,73,0
206,r,16,334741,5,18,0
333,r,38,334828,2,14,0
149,r,41,335345,3,17,0
476,r,16,335956,5,18,0
263,r,19,336122,5,16,0
345,r,108,336486,9,99,0
32,w,173,337109,5,32,0.6
438,r,91,337625,3,16,0
278,r,59,337713,5,6,0
127,r,7,338012,3,9,0
412,r,86,338845,4,11,0
493,r,1,338888,5,90,0
524,r,34,339323,3,15,0
10,w,174,339349,6,10,0.6
237,r,95,339995,5,21,0
280,r,81,340467,6,5,0
423,r,101,340556,6,7,0
15,w,175,340960,8,15,0.6
441,r,88,341756,3,7,0
366,r,94,341955,4,52,0
20,w,176,342226,5,20,0.6
144,r,59,342412,5,6,0
464,r,103,343117,3,13,0
392,r,90,343339,9,7,0
194,r,24,343443,3,4,0
175,r,112,344159,5,8,0
6,w,177,344308,6,6,0.6
506,r,108,344499,9,99,0
62,w,178,345099,6,62,0.6
90,w,179,345588,6,90,0.6
216,r,79,345672,5,14,0
378,r,83,346477,7,5,0
78,w,180,346638,5,78,0.6
206,r,111,347106,7,63,0
411,r,92,347437,5,39,0
234,r,113,347843,5,20,0
4,w,181,347898,7,4,0.6
111,r,16,348081,5,18,0
258,r,1,348694,5,90,0
1,w,182,348911,8,1,0.6
236,r,86,349321,4,11,0
10,w,183,349948,5,10,0.6
127,r,22,350378,3,15,0
546,r,73,350840,6,18,0
503,r,106,350982,4,17,0
466,r,105,351841,5,11,0
144,r,90,352048,9,7,0
255,r,61,352224,7,17,0
473,r,100,353006,4,12,0
15,w,184,353340,6,15,0.6
272,r,16,354175,5,18,0
324,r,97,354682,3,16,0
32,w,185,354694,4,32,0.6
286,r,16,355126,5,18,0
16,w,186,355166,3,16,0.6
313,r,50,355708,6,56,0
11,w,187,355811,5,11,0.6
377,r,15,356370,6,5,0
165,r,76,356547,7,1,0
173,r,50,356606,6,56,0
116,r,38,357906,2,14,0
381,r,38,358303,2,14,0
7,w,188,358489,6,7,0.6
174,r,33,359330,1,17,0
14,w,189,359353,2,14,0.6
359,r,51,360786,10,2,0
15,w,190,360904,4,15,0.6
274,r,65,360905,4,14,0
418,r,28,361054,2,3,0
414,r,81,361100,6,5,0
117,r,67,362180,9,12,0
50,w,191,362622,10,50,0.6
210,r,129,362686,4,14,0
485,r,21,362930,4,16,0
218,r,4,362941,7,3,0
248,r,6,363483,7,18,0
221,r,52,363831,8,7,0
382,r,11,363842,3,16,0
314,r,33,364373,1,17,0
143,r,95,364914,5,21,0
16,w,192,365001,5,16,0.6
18,w,193,365418,2,18,0.6
293,r,89,366645,2,15,0
462,r,120,366656,3,21,0
365,r,1,367046,5,90,0
310,r,72,367089,5,102,0
540,r,126,367433,4,6,0
129,r,30,368480,5,7,0
6,w,194,368513,5,6,0.6
496,r,41,368937,3,17,0
327,r,133,369121,6,72,0
19,w,195,370255,1,19,0.6
460,r,20,370347,2,1,0
272,r,89,370380,2,15,0
342,r,86,370441,4,11,0
353,r,76,370563,7,1,0
113,r,96,371687,7,6,0
480,r,126,372055,4,6,0
20,w,196,372225,8,20,0.6
284,r,42,372349,8,104,0
497,r,7,372840,3,9,0
315,r,117,373252,9,9,0
19,w,197,373881,8,19,0.6
9,w,198,374143,4,9,0.6
195,r,72,374673,5,102,0
548,r,47,374914,8,22,0
254,r,17,375038,4,2,0
12,w,199,375302,2,12,0.6
547,r,3,375879,4,1,0
484,r,99,376716,6,6,0
532,r,86,376874,4,11,0
352,r,119,377233,6,94,0
407,r,76,377399,7,1,0
427,r,72,377976,5,102,0
466,r,96,378364,7,6,0
415,r,86,378424,4,11,0
511,r,6,378489,7,18,0
334,r,29,379112,5,10,0
466,r,10,379816,2,11,0
334,r,122,380332,5,17,0
230,r,102,380790,5,6,0
490,r,121,380873,3,20,0
10,w,200,381439,4,10,0.6
152,r,56,381847,2,8,0
217,r,16,382936,5,18,0
223,r,20,382976,2,1,0
482,r,77,383158,9,1,0
10,w,201,383357,3,10,0.6
461,r,85,383582,5,93,0
206,r,69,384287,8,20,0
11,w,202,384518,6,11,0.6
186,r,109,384927,4,12,0
2,w,203,385563,4,2,0.6
25,w,204,385770,6,25,0.6
218,r,39,386080,3,19,0
20,w,205,386651,3,20,0.6
356,r,85,386895,5,93,0
404,r,68,386938,6,21,0
225,r,33,388026,1,17,0
156,r,25,388209,6,14,0
292,r,4,388253,7,3,0
328,r,103,388942,3,13,0
355,r,96,389082,7,6,0
190,r,73,389299,6,18,0
278,r,80,389319,4,18,0
319,r,66,389903,6,9,0
201,r,84,390771,4,13,0
15,w,206,391167,2,15,0.6
417,r,125,391292,5,15,0
409,r,72,391460,5,102,0
389,r,60,392010,3,3,0
7,w,207,392415,5,7,0.6
375,r,16,392989,5,18,0
232,r,53,393274,5,7,0
220,r,97,393479,3,16,0
17,w,208,394246,7,17,0.6
427,r,4,394455,7,3,0
252,r,45,394681,7,18,0
516,r,35,394808,8,13,0
137,r,93,395469,5,9,0
291,r,71,395740,8,13,0
21,w,209,396102,5,21,0.6
324,r,29,396753,5,10,0
213,r,130,397107,8,9,0
154,r,132,397159,9,2,0
500,r,29,397463,5,10,0
7,w,210,397793,10,7,0.6
376,r,42,398300,8,104,0
13,w,211,398469,8,13,0.6
296,r,101,399086,6,7,0
526,r,20,399523,2,1,0
181,r,9,399625,7,20,0
8,w,212,399706,6,8,0.6
415,r,31,400078,7,22,0
220,r,45,400660,7,18,0
131,r,16,400674,5,18,0
12,w,213,401328,3,12,0.6
13,w,214,401477,7,13,0.6
426,r,82,401943,6,18,0
89,w,215,402194,4,89,0.6
2,w,216,402778,6,2,0.6
415,r,126,403249,4,6,0
16,w,217,403265,8,16,0.6
434,r,12,403389,1,2,0
14,w,218,404272,2,14,0.6
356,r,46,404950,5,22,0
231,r,84,404982,4,13,0
420,r,61,405487,7,17,0
138,r,124,405776,4,9,0
169,r,64,406016,7,1,0
286,r,50,406766,6,56,0
20,w,219,407018,5,20,0.6
70,w,220,407244,8,70,0.6
311,r,29,408090,5,10,0
10,w,221,408250,3,10,0.6
15,w,222,408523,4,15,0.6
154,r,100,408916,4,12,0
548,r,12,409268,1,2,0
509,r,54,410000,8,20,0
163,r,120,410224,3,21,0
459,r,61,410906,7,17,0
389,r,44,411181,4,110,0
291,r,6,411860,7,18,0
209,r,88,412113,3,7,0
463,r,11,413030,3,16,0
431,r,52,414652,8,7,0
496,r,72,415198,5,102,0
360,r,129,416129,4,14,0
534,r,25,418043,6,14,0
205,r,68,419945,6,21,0
420,r,126,422457,4,6,0
30,w,223,425087,5,30,0.6
473,r,76,426905,7,1,0
128,r,65,428982,4,14,0
321,r,21,431258,4,16,0
490,r,71,432894,8,13,0
502,r,31,434156,7,22,0
433,r,129,435563,4,14,0
16,w,224,436965,6,16,0.6
405,r,28,437175,2,3,0
22,w,225,437925,5,22,0.6
61,w,226,438153,2,61,0.6
197,r,26,439058,4,4,0
423,r,51,440238,10,2,0
393,r,48,440594,7,15,0
77,w,227,440613,4,77,0.6
14,w,228,441763,5,14,0.6
42,w,229,442312,7,42,0.6
378,r,54,442512,8,20,0
140,r,74,442804,9,9,0
186,r,127,443782,5,21,0
42,w,230,444213,7,42,0.6
21,w,231,444481,2,21,0.6
312,r,50,444712,6,56,0
208,r,38,444957,2,14,0
263,r,95,445803,5,21,0
131,r,22,446001,3,15,0
143,r,75,446118,7,11,0
215,r,28,446638,2,3,0
21,w,232,447895,7,21,0.6
1,w,233,448214,3,1,0.6
548,r,65,448733,4,14,0
284,r,86,448925,4,11,0
250,r,48,449337,7,15,0
85,w,234,449573,8,85,0.6
5,w,235,450530,5,5,0.6
161,r,22,450741,3,15,0
404,r,9,450991,7,20,0
104,w,236,451029,4,104,0.6
521,r,55,451732,2,13,0
432,r,179,452815,6,90,0
223,r,120,453162,3,21,0
540,r,123,453534,5,54,0
334,r,165,453724,6,10,0
16,w,237,454404,6,16,0.6
6,w,238,454483,5,6,0.6
508,r,1,454913,5,90,0
195,r,75,455064,7,11,0
358,r,35,455482,8,13,0
405,r,54,455630,8,20,0
335,r,103,456128,3,13,0
274,r,111,456818,7,63,0
388,r,133,456984,6,72,0
19,w,239,457706,4,19,0.6
438,r,62,458307,7,19,0
488,r,80,458513,4,18,0
109,w,240,459625,7,109,0.6
432,r,167,459948,4,19,0
437,r,114,459978,8,73,0
22,w,241,460504,5,22,0.6
305,r,31,461114,7,22,0
279,r,90,461245,9,7,0
293,r,88,461277,3,7,0
12,w,242,461926,5,12,0.6
432,r,40,462836,4,10,0
301,r,91,462967,3,16,0
238,r,171,463018,5,20,0
376,r,51,463056,10,2,0
337,r,75,463380,7,11,0
525,r,35,464038,8,13,0
20,w,243,464845,8,20,0.6
248,r,62,465589,7,19,0
367,r,15,465785,6,5,0
363,r,120,465928,3,21,0
153,r,100,466250,4,12,0
507,r,95,466335,5,21,0
17,w,244,467020,3,17,0.6
132,r,47,467278,8,22,0
410,r,157,467427,8,8,0
370,r,19,468493,5,16,0
172,r,46,468576,5,22,0
156,r,121,468742,3,20,0
10,w,245,468809,7,10,0.6
58,w,246,469074,4,58,0.6
182,r,50,469696,6,56,0
433,r,40,470093,4,10,0
192,r,14,470341,6,1,0
346,r,3,470347,4,1,0
455,r,142,471195,6,25,0
215,r,157,471251,8,8,0
182,r,88,471906,3,7,0
116,r,129,472377,4,14,0
21,w,247,472668,6,21,0.6
137,r,88,472771,3,7,0
379,r,110,473124,6,62,0
455,r,12,473819,1,2,0
485,r,80,474307,4,18,0
395,r,61,474983,7,17,0
309,r,121,475442,3,20,0
317,r,58,475641,6,47,0
211,r,66,476043,6,9,0
15,w,248,476174,6,15,0.6
324,r,64,476478,7,1,0
519,r,44,477059,4,110,0
316,r,35,477255,8,13,0
123,r,172,477759,2,43,0
406,r,1,478185,5,90,0
264,r,93,478800,5,9,0
362,r,73,478861,6,18,0
244,r,130,479058,8,9,0
12,w,249,479358,7,12,0.6
273,r,42,480016,8,104,0
6,w,250,480596,2,6,0.6
2,w,251,480720,7,2,0.6
460,r,133,480912,6,72,0
431,r,156,481135,3,96,0
43,w,252,482505,8,43,0.6
122,r,37,482853,5,13,0
8,w,253,483047,4,8,0.6
114,r,42,483605,8,104,0
480,r,145,484020,6,6,0
115,r,179,484376,6,90,0
21,w,254,484811,6,21,0.6
402,r,82,484840,6,18,0
29,w,255,485077,8,29,0.6
320,r,60,485887,3,3,0
541,r,77,485958,9,1,0
476,r,53,486223,5,7,0
486,r,103,486381,3,13,0
101,w,256,487253,7,101,0.6
149,r,63,487513,1,3,0
230,r,128,488442,4,9,0
499,r,85,488453,5,93,0
19,w,257,488885,7,19,0.6
118,r,146,488960,7,45,0
393,r,166,489392,7,1,0
50,w,258,490186,7,50,0.6
305,r,73,490330,6,18,0
539,r,167,490538,4,19,0
343,r,4,490975,7,3,0
353,r,28,491309,2,3,0
117,r,173,491677,5,32,0
248,r,40,492626,4,10,0
438,r,145,492721,6,6,0
16,w,259,493136,4,16,0.6
154,r,149,493328,4,11,0
134,r,133,493878,6,72,0
146,r,51,494036,10,2,0
278,r,110,494184,6,62,0
193,r,22,496076,3,15,0
506,r,115,496133,4,6,0
281,r,82,496487,6,18,0
381,r,55,496590,2,13,0
310,r,173,497115,5,32,0
438,r,142,497187,6,25,0
13,w,260,497360,7,13,0.6
254,r,2,497938,2,4,0
2,w,261,498562,4,2,0.6
280,r,131,498737,8,6,0
283,r,178,498959,6,62,0
478,r,45,499290,7,18,0
15,w,262,499382,1,15,0.6
399,r,132,499662,9,2,0
190,r,133,500654,6,72,0
476,r,30,500799,5,7,0
22,w,263,500866,6,22,0.6
3,w,264,501601,3,3,0.6
3,w,265,501890,4,3,0.6
249,r,142,501958,6,25,0
304,r,7,502385,3,9,0
168,r,34,502969,3,15,0
126,r,80,503075,4,18,0
146,r,176,503160,5,20,0
120,r,43,503245,4,8,0
399,r,6,504472,7,18,0
165,r,71,504611,8,13,0
330,r,138,504913,5,6,0
167,r,162,504922,6,11,0
247,r,19,505536,5,16,0
416,r,67,505885,9,12,0
240,r,108,506428,9,99,0
547,r,143,507037,4,3,0
382,r,166,507090,7,1,0
513,r,86,507322,4,11,0
292,r,100,507742,4,12,0
69,w,266,507818,3,69,0.6
386,r,137,508541,2,22,0
239,r,42,508583,8,104,0
197,r,86,509055,4,11,0
491,r,149,509196,4,11,0
331,r,101,510068,6,7,0
484,r,94,510228,4,52,0
264,r,87,510300,5,20,0
539,r,84,510699,4,13,0
1,w,267,511388,3,1,0.6
20,w,268,511404,8,20,0.6
221,r,98,511719,7,21,0
128,r,78,511773,3,20,0
195,r,148,511868,5,21,0
4,w,269,512908,4,4,0.6
469,r,33,513216,1,17,0
252,r,151,513309,6,8,0
231,r,145,513565,6,6,0
226,r,167,513707,4,19,0
302,r,168,514257,4,13,0
398,r,3,514538,4,1,0
312,r,69,515149,8,20,0
447,r,70,515280,3,11,0
525,r,33,515297,1,17,0
533,r,53,515485,5,7,0
476,r,170,515602,4,16,0
308,r,90,516907,9,7,0
64,w,270,517189,8,64,0.6
109,w,271,517379,2,109,0.6
25,w,272,517561,4,25,0.6
521,r,110,517972,6,62,0
275,r,40,518674,4,10,0
15,w,273,518712,8,15,0.6
544,r,37,519114,5,13,0
5,w,274,519157,8,5,0.6
17,w,275,520090,5,17,0.6
393,r,153,520861,6,106,0
347,r,172,520876,2,43,0
20,w,276,521121,5,20,0.6
496,r,84,521331,4,13,0
9,w,277,522111,5,9,0.6
483,r,141,522248,2,6,0
277,r,19,522399,5,16,0
4,w,278,522449,1,4,0.6
261,r,115,523158,4,6,0
196,r,119,523646,6,94,0
504,r,128,524427,4,9,0
211,r,3,525013,4,1,0
6,w,279,525380,2,6,0.6
287,r,177,525804,6,6,0
184,r,38,526152,2,14,0
486,r,177,526214,6,6,0
539,r,85,527531,5,93,0
494,r,115,527745,4,6,0
319,r,121,528575,3,20,0
234,r,143,529583,4,3,0
188,r,22,530191,3,15,0
254,r,121,530602,3,20,0
148,r,3,531897,4,1,0
177,r,88,533300,3,7,0
20,w,280,535873,5,20,0.6
260,r,133,538006,6,72,0
506,r,39,539488,3,19,0
430,r,14,540685,6,1,0
144,r,24,541778,3,4,0
444,r,45,544670,7,18,0
475,r,127,546197,5,21,0
219,r,153,549146,6,106,0
19,w,281,550843,6,19,0.6
425,r,65,551884,4,14,0
324,r,30,553691,5,7,0
231,r,67,556391,9,12,0
356,r,120,556590,3,21,0
338,r,152,557406,6,11,0
8,w,282,557936,9,8,0.6
497,r,25,558583,6,14,0
432,r,45,559680,7,18,0
331,r,143,559803,4,3,0
487,r,123,560269,5,54,0
370,r,83,561378,7,5,0
2,w,283,561561,1,2,0.6
211,r,208,561964,7,17,0
536,r,207,562245,5,7,0
450,r,183,562798,5,10,0
17,w,284,563828,2,17,0.6
7,w,285,563833,7,7,0.6
76,w,286,564250,6,76,0.6
226,r,123,564615,5,54,0
50,w,287,565274,7,50,0.6
21,w,288,565501,3,21,0.6
161,r,116,565671,4,11,0
374,r,28,566505,2,3,0
12,w,289,566673,5,12,0.6
19,w,290,567419,5,19,0.6
437,r,120,567677,3,21,0
7,w,291,568115,6,7,0.6
202,r,49,568562,2,6,0
257,r,103,569313,3,13,0
273,r,111,569481,7,63,0
138,r,75,569825,7,11,0
177,r,209,570348,5,21,0
1,w,292,571239,8,1,0.6
402,r,159,571395,5,55,0
468,r,131,571547,8,6,0
194,r,141,571835,2,6,0
11,w,293,572788,7,11,0.6
112,r,185,572885,4,32,0
216,r,223,572890,5,30,0
145,r,165,573243,6,10,0
212,r,15,574708,6,5,0
155,r,17,574991,4,2,0
129,r,17,575460,4,2,0
8,w,294,575677,5,8,0.6
22,w,295,575867,2,22,0.6
480,r,142,576316,6,25,0
245,r,160,577029,6,11,0
170,r,91,577892,3,16,0
484,r,203,578045,4,2,0
521,r,117,578071,9,9,0
217,r,76,578938,7,1,0
197,r,216,579555,6,2,0
507,r,35,579879,8,13,0
282,r,82,580286,6,18,0
9,w,296,580833,1,9,0.6
472,r,129,581584,4,14,0
542,r,13,581646,5,106,0
513,r,160,581923,6,11,0
22,w,297,582272,5,22,0.6
462,r,67,582650,9,12,0
1,w,298,583282,6,1,0.6
201,r,133,583475,6,72,0
135,r,24,583718,3,4,0
171,r,20,584689,2,1,0
188,r,183,585252,5,10,0
307,r,227,585317,4,77,0
12,w,299,585536,4,12,0.6
532,r,200,585573,4,10,0
445,r,170,586256,4,16,0
405,r,61,586729,7,17,0
6,w,300,587411,8,6,0.6
353,r,75,587735,7,11,0
209,r,93,587933,5,9,0
148,r,84,588075,4,13,0
22,w,301,588287,5,22,0.6
359,r,154,589542,7,10,0
82,w,302,590162,3,82,0.6
517,r,164,590213,6,14,0
18,w,303,590219,4,18,0.6
259,r,95,590248,5,21,0
256,r,187,591292,5,11,0
270,r,204,591408,6,25,0
6,w,304,591986,7,6,0.6
507,r,2,592274,2,4,0
11,w,305,592330,9,11,0.6
498,r,114,592498,8,73,0
352,r,193,592989,2,18,0
316,r,28,593176,2,3,0
10,w,306,593478,5,10,0.6
520,r,182,594142,8,1,0
182,r,95,594174,5,21,0
510,r,40,595044,4,10,0
268,r,44,595245,4,110,0
408,r,107,595571,3,18,0
4,w,307,596043,3,4,0.6
21,w,308,596489,7,21,0.6
438,r,69,596663,8,20,0
521,r,120,597057,3,21,0
480,r,58,597218,6,47,0
525,r,29,597805,5,10,0
348,r,61,598463,7,17,0
375,r,65,598589,4,14,0
9,w,309,598658,3,9,0.6
21,w,310,599736,10,21,0.6
408,r,19,599930,5,16,0
440,r,98,600241,7,21,0
477,r,133,600556,6,72,0
230,r,150,600988,8,22,0
386,r,93,601431,5,9,0
277,r,62,601982,7,19,0
174,r,41,602076,3,17,0
514,r,229,602351,7,42,0
383,r,106,602439,4,17,0
242,r,90,602985,9,7,0
165,r,191,603349,10,50,0
19,w,311,604462,3,19,0.6
340,r,200,604557,4,10,0
45,w,312,604923,1,45,0.6
213,r,107,604931,3,18,0
297,r,125,605594,5,15,0
317,r,64,605980,7,1,0
69,w,313,606342,4,69,0.6
460,r,14,606490,6,1,0
429,r,35,606523,8,13,0
302,r,83,607050,7,5,0
430,r,45,607584,7,18,0
275,r,118,607828,3,21,0
26,w,314,608631,2,26,0.6
497,r,108,608804,9,99,0
247,r,107,608961,3,18,0
258,r,178,609901,6,62,0
13,w,315,610083,6,13,0.6
468,r,14,610122,6,1,0
22,w,316,610573,8,22,0.6
245,r,13,611387,5,106,0
168,r,135,611628,3,10,0
522,r,193,611839,2,18,0
254,r,9,612426,7,20,0
4,w,317,612487,2,4,0.6
172,r,176,612851,5,20,0
20,w,318,613706,5,20,0.6
344,r,184,613940,6,15,0
418,r,183,614168,5,10,0
345,r,30,614343,5,7,0
362,r,68,614482,6,21,0
477,r,186,615555,3,16,0
363,r,50,615577,6,56,0
98,w,319,615820,9,98,0.6
536,r,181,615923,7,4,0
367,r,172,617054,2,43,0
16,w,320,617443,4,16,0.6
214,r,77,617661,9,1,0
185,r,215,617815,4,89,0
347,r,229,617978,7,42,0
210,r,25,618160,6,14,0
5,w,321,618953,5,5,0.6
385,r,141,619370,2,6,0
132,r,77,619417,9,1,0
503,r,227,619456,4,77,0
225,r,110,619683,6,62,0
122,r,119,620305,6,94,0
493,r,214,620509,7,13,0
3,w,322,620768,8,3,0.6
404,r,76,621247,7,1,0
286,r,216,621963,6,2,0
344,r,214,622067,7,13,0
16,w,323,622368,2,16,0.6
527,r,121,622626,3,20,0
263,r,99,622928,6,6,0
404,r,136,623477,5,18,0
175,r,82,623578,6,18,0
2,w,324,623934,6,2,0.6
524,r,32,624042,7,9,0
164,r,7,624595,3,9,0
450,r,162,624951,6,11,0
180,r,195,625048,1,19,0
534,r,25,625251,6,14,0
262,r,193,625503,2,18,0
237,r,234,625982,8,85,0
11,w,325,626410,5,11,0.6
217,r,200,627176,4,10,0
420,r,212,627318,6,8,0
15,w,326,627393,4,15,0.6
2,w,327,627774,4,2,0.6
131,r,88,628484,3,7,0
404,r,203,628729,4,2,0
200,r,30,628975,5,7,0
7,w,328,629251,2,7,0.6
116,r,65,629752,4,14,0
266,r,59,629813,5,6,0
469,r,117,630052,9,9,0
117,r,89,630610,2,15,0
406,r,105,630860,5,11,0
396,r,38,631103,2,14,0
270,r,111,631106,7,63,0
246,r,53,631308,5,7,0
515,r,158,632185,3,17,0
474,r,174,632969,6,10,0
449,r,118,633311,3,21,0
478,r,160,633547,6,11,0
292,r,55,634281,2,13,0
521,r,185,634553,4,32,0
388,r,59,634934,5,6,0
486,r,106,635044,4,17,0
532,r,131,635693,8,6,0
386,r,104,635847,5,19,0
482,r,184,636798,6,15,0
429,r,204,637407,6,25,0
310,r,108,637413,9,99,0
276,r,216,638129,6,2,0
439,r,79,638192,5,14,0
432,r,180,639109,5,78,0
426,r,10,639337,2,11,0
220,r,47,639832,8,22,0
272,r,173,640933,5,32,0
250,r,164,641113,6,14,0
429,r,153,641123,6,106,0
202,r,48,641296,7,15,0
367,r,14,643015,6,1,0
200,r,103,643307,3,13,0
547,r,94,643873,4,52,0
345,r,117,644243,9,9,0
342,r,191,644629,10,50,0
26,w,329,644770,1,26,0.6
352,r,129,645601,4,14,0
217,r,189,646131,2,14,0
163,r,30,646359,5,7,0
458,r,188,647041,6,7,0
139,r,44,647347,4,110,0
246,r,71,647724,8,13,0
495,r,114,647868,8,73,0
14,w,330,649004,2,14,0.6
398,r,63,649325,1,3,0
20,w,331,650117,8,20,0.6
299,r,188,650796,6,7,0
406,r,8,651652,5,20,0
505,r,183,652785,5,10,0
127,r,18,653336,6,64,0
76,w,332,654739,4,76,0.6
4,w,333,655147,5,4,0.6
383,r,175,655928,8,15,0
453,r,92,658377,5,39,0
308,r,162,659723,6,11,0
550,r,182,661124,8,1,0
355,r,20,662663,2,1,0
1,w,334,664936,4,1,0.6
536,r,24,666377,3,4,0
450,r,24,667579,3,4,0
509,r,96,669394,7,6,0
263,r,59,671235,5,6,0
331,r,89,674158,2,15,0
423,r,43,675317,4,8,0
518,r,30,677881,5,7,0
307,r,206,679040,2,15,0
529,r,88,681091,3,7,0
357,r,54,681781,8,20,0
530,r,229,682534,7,42,0
157,r,193,683191,2,18,0
479,r,38,684179,2,14,0
521,r,148,684677,5,21,0
120,r,45,684988,7,18,0
541,r,105,685216,5,11,0
153,r,93,686789,5,9,0
345,r,229,687048,7,42,0
13,w,335,687266,4,13,0.6
184,r,197,688165,8,19,0
538,r,102,688866,5,6,0
366,r,239,688874,4,19,0
96,w,336,689877,6,96,0.6
515,r,247,689916,6,21,0
340,r,10,690411,2,11,0
495,r,101,690928,6,7,0
123,r,153,691060,6,106,0
477,r,182,691423,8,1,0
309,r,36,692422,2,9,0
240,r,64,692491,7,1,0
128,r,62,692807,7,19,0
31,w,337,693213,5,31,0.6
21,w,338,693588,7,21,0.6
4,w,339,694247,5,4,0.6
312,r,81,694344,6,5,0
443,r,14,694791,6,1,0
353,r,203,695198,4,2,0
456,r,31,695745,7,22,0
460,r,254,696008,6,21,0
116,r,243,696759,8,20,0
224,r,206,696779,2,15,0
147,r,39,697755,3,19,0
300,r,113,698271,5,20,0
107,w,340,698287,8,107,0.6
222,r,240,698301,7,109,0
111,r,240,699461,7,109,0
450,r,131,699578,8,6,0
193,r,121,699587,3,20,0
419,r,217,700446,8,16,0
262,r,178,701748,6,62,0
277,r,148,701994,5,21,0
505,r,198,702033,4,9,0
316,r,176,702877,5,20,0
3,w,341,703342,4,3,0.6
75,w,342,703839,4,75,0.6
316,r,46,704288,5,22,0
305,r,191,704448,10,50,0
486,r,255,704593,8,29,0
508,r,159,705378,5,55,0
143,r,56,705977,2,8,0
426,r,246,706239,4,58,0
524,r,256,706649,7,101,0
281,r,40,706782,4,10,0
144,r,92,707044,5,39,0
9,w,343,707960,3,9,0.6
15,w,344,708028,5,15,0.6
532,r,4,708251,7,3,0
219,r,50,708468,6,56,0
22,w,345,708973,5,22,0.6
247,r,108,709030,9,99,0
476,r,161,709187,4,1,0
75,w,346,709746,4,75,0.6
271,r,126,710435,4,6,0
232,r,153,710494,6,106,0
244,r,113,710673,5,20,0
11,w,347,710809,4,11,0.6
1,w,348,710946,5,1,0.6
283,r,109,711675,4,12,0
363,r,93,711824,5,9,0
549,r,62,712397,7,19,0
19,w,349,712452,3,19,0.6
520,r,113,713302,5,20,0
251,r,13,713645,5,106,0
95,w,350,713674,5,95,0.6
477,r,21,714242,4,16,0
57,w,351,714552,4,57,0.6
426,r,93,715129,5,9,0
268,r,230,715200,7,42,0
420,r,199,715620,2,12,0
224,r,94,715671,4,52,0
322,r,150,715908,8,22,0
127,r,30,716776,5,7,0
205,r,197,717212,8,19,0
288,r,67,717391,9,12,0
21,w,352,717744,6,21,0.6
219,r,131,717914,8,6,0
298,r,4,718499,7,3,0
396,r,209,718568,5,21,0
445,r,150,718940,8,22,0
218,r,113,719068,5,20,0
17,w,353,719773,4,17,0.6
178,r,30,719931,5,7,0
470,r,12,720301,1,2,0
167,r,227,720784,4,77,0
89,w,354,721702,2,89,0.6
323,r,144,721722,4,16,0
360,r,132,722171,9,2,0
505,r,31,722316,7,22,0
226,r,1,722580,5,90,0
452,r,44,722752,4,110,0
211,r,200,723206,4,10,0
454,r,226,723777,2,61,0
535,r,3,724148,4,1,0
395,r,156,724551,3,96,0
512,r,180,724593,5,78,0
277,r,265,725413,4,3,0
331,r,182,725493,8,1,0
175,r,156,726329,3,96,0
166,r,198,726431,4,9,0
431,r,247,726561,6,21,0
1,w,355,727388,2,1,0.6
198,r,257,727630,7,19,0
522,r,259,728155,4,16,0
247,r,86,728586,4,11,0
180,r,143,728711,4,3,0
539,r,106,729361,4,17,0
404,r,194,729435,5,6,0
265,r,178,729832,6,62,0
17,w,356,730373,8,17,0.6
137,r,176,731105,5,20,0
379,r,239,731614,4,19,0
268,r,226,731649,2,61,0
371,r,36,731775,2,9,0
223,r,106,731930,4,17,0
450,r,243,732782,8,20,0
184,r,190,732801,4,15,0
19,w,357,732830,6,19,0.6
452,r,127,733872,5,21,0
299,r,21,734592,4,16,0
232,r,10,734607,2,11,0
284,r,133,734623,6,72,0
533,r,26,735149,4,4,0
521,r,19,735389,5,16,0
244,r,226,735746,2,61,0
447,r,226,736287,2,61,0
104,w,358,737019,7,104,0.6
117,r,131,737520,8,6,0
201,r,105,737620,5,11,0
94,w,359,737932,7,94,0.6
130,r,161,738300,4,1,0
222,r,223,738723,5,30,0
130,r,86,738983,4,11,0
393,r,199,739398,2,12,0
484,r,106,739743,4,17,0
229,r,11,739776,3,16,0
198,r,255,740080,8,29,0
209,r,227,740386,4,77,0
220,r,235,740689,5,5,0
200,r,206,741513,2,15,0
526,r,119,741551,6,94,0
445,r,52,741826,8,7,0
12,w,360,742227,5,12,0.6
505,r,171,742948,5,20,0
161,r,191,743029,10,50,0
17,w,361,743062,6,17,0.6
338,r,124,743070,4,9,0
307,r,256,744290,7,101,0
257,r,63,744291,1,3,0
464,r,157,744878,8,8,0
139,r,161,745121,4,1,0
387,r,217,745225,8,16,0
198,r,167,745295,4,19,0
345,r,12,745938,1,2,0
523,r,179,746238,6,90,0
3,w,362,746371,4,3,0.6
421,r,243,746695,8,20,0
320,r,157,747499,8,8,0
262,r,68,748020,6,21,0
204,r,51,748690,10,2,0
510,r,257,748830,7,19,0
70,w,363,748876,1,70,0.6
137,r,243,749031,8,20,0
445,r,64,749710,7,1,0
129,r,64,749942,7,1,0
244,r,97,750414,3,16,0
250,r,78,750496,3,20,0
390,r,115,751035,4,6,0
178,r,256,751518,7,101,0
148,r,110,751592,6,62,0
186,r,42,751837,8,104,0
482,r,141,752323,2,6,0
6,w,364,752409,4,6,0.6
309,r,96,752822,7,6,0
415,r,240,753290,7,109,0
355,r,107,753902,3,18,0
319,r,105,754102,5,11,0
530,r,257,754113,7,19,0
548,r,110,754166,6,62,0
354,r,175,755232,8,15,0
21,w,365,755853,1,21,0.6
331,r,220,755883,8,70,0
410,r,260,756449,7,13,0
497,r,149,756525,4,11,0
326,r,256,757008,7,101,0
453,r,57,757562,4,5,0
499,r,173,758002,5,32,0
385,r,62,758784,7,19,0
319,r,168,758933,4,13,0
247,r,207,759320,5,7,0
380,r,113,759385,5,20,0
477,r,167,759949,4,19,0
3,w,366,760032,4,3,0.6
338,r,236,760592,4,104,0
434,r,263,761080,6,22,0
329,r,126,761690,4,6,0
381,r,13,762116,5,106,0
203,r,160,762129,6,11,0
259,r,95,763039,5,21,0
517,r,244,763168,3,17,0
224,r,114,763314,8,73,0
409,r,252,763597,8,43,0
151,r,106,764290,4,17,0
7,w,367,764460,4,7,0.6
9,w,368,765136,3,9,0.6
145,r,114,765629,8,73,0
309,r,135,766385,3,10,0
217,r,168,766394,4,13,0
177,r,140,766493,5,4,0
332,r,56,766666,2,8,0
501,r,83,767862,7,5,0
424,r,165,768108,6,10,0
18,w,369,768387,7,18,0.6
251,r,9,768795,7,20,0
174,r,27,769115,5,16,0
222,r,143,769687,4,3,0
50,w,370,771198,6,50,0.6
347,r,46,771467,5,22,0
336,r,113,771997,5,20,0
5,w,371,772292,3,5,0.6
474,r,77,773173,9,1,0
477,r,205,773478,3,20,0
519,r,67,774466,9,12,0
538,r,222,775062,4,15,0
476,r,82,777840,6,18,0
334,r,102,780780,5,6,0
16,w,372,782693,1,16,0.6
21,w,373,784253,5,21,0.6
452,r,227,785835,4,77,0
127,r,145,787692,6,6,0
69,w,374,789572,4,69,0.6
6,w,375,790668,5,6,0.6
5,w,376,793654,4,5,0.6
118,r,72,796061,5,102,0
6,w,377,799036,2,6,0.6
191,r,32,800752,7,9,0
316,r,67,803621,9,12,0
7,w,378,805021,2,7,0.6
234,r,124,805311,4,9,0
380,r,69,806610,8,20,0
483,r,19,807215,5,16,0
7,w,379,808663,4,7,0.6
517,r,181,808821,7,4,0
125,r,188,809840,6,7,0
222,r,60,810174,3,3,0
224,r,243,810710,8,20,0
435,r,107,811125,3,18,0
126,r,134,811141,10,18,0
369,r,78,812003,3,20,0
12,w,380,812202,4,12,0.6
6,w,381,812830,7,6,0.6
202,r,295,813670,2,22,0
462,r,207,813765,5,7,0
439,r,34,813947,3,15,0
174,r,296,814872,1,9,0
100,w,382,815050,3,100,0.6
292,r,197,815625,8,19,0
16,w,383,816272,7,16,0.6
420,r,207,816314,5,7,0
219,r,12,817063,1,2,0
406,r,95,817835,5,21,0
4,w,384,818259,3,4,0.6
323,r,24,818323,3,4,0
386,r,134,818782,10,18,0
490,r,249,820250,7,12,0
456,r,274,820539,8,5,0
497,r,222,820609,4,15,0
162,r,38,820970,2,14,0
336,r,61,821651,7,17,0
118,r,123,821950,5,54,0
393,r,77,822771,9,1,0
514,r,235,822996,5,5,0
425,r,184,823091,6,15,0
412,r,93,824100,5,9,0
349,r,262,824135,1,15,0
223,r,257,825023,7,19,0
192,r,20,825111,2,1,0
451,r,226,825437,2,61,0
12,w,385,825564,4,12,0.6
236,r,242,826416,5,12,0
159,r,226,826459,2,61,0
404,r,248,826753,6,15,0
527,r,276,828181,5,20,0
503,r,149,828185,4,11,0
390,r,203,828237,4,2,0
293,r,208,828250,7,17,0
429,r,5,828404,6,14,0
537,r,144,829384,4,16,0
454,r,302,829774,3,82,0
13,w,386,829941,4,13,0.6
7,w,387,830568,2,7,0.6
151,r,18,830920,6,64,0
413,r,264,831191,3,3,0
2,w,388,831293,2,2,0.6
232,r,67,831385,9,12,0
463,r,222,832289,4,15,0
462,r,182,832726,8,1,0
195,r,182,833425,8,1,0
208,r,122,833586,5,17,0
242,r,149,834010,4,11,0
172,r,54,834114,8,20,0
112,r,214,835154,7,13,0
419,r,312,835316,1,45,0
232,r,265,835765,4,3,0
15,w,389,835852,3,15,0.6
3,w,390,836749,3,3,0.6
3,w,391,837301,3,3,0.6
520,r,25,837514,6,14,0
460,r,104,837815,5,19,0
224,r,314,838400,2,26,0
123,r,54,838440,8,20,0
420,r,114,838967,8,73,0
112,r,99,839009,6,6,0
223,r,319,839402,9,98,0
159,r,56,839570,2,8,0
443,r,145,840461,6,6,0
403,r,56,840571,2,8,0
467,r,266,840685,3,69,0
12,w,392,841399,5,12,0.6
323,r,12,841844,1,2,0
171,r,245,842003,7,10,0
328,r,135,842865,3,10,0
10,w,393,843026,7,10,0.6
3,w,394,843084,3,3,0.6
403,r,102,843572,5,6,0
398,r,114,844096,8,73,0
217,r,231,844163,2,21,0
6,w,395,844290,4,6,0.6
289,r,264,844562,3,3,0
453,r,269,845700,4,4,0
7,w,396,845716,4,7,0.6
456,r,135,845963,3,10,0
264,r,165,846859,6,10,0
21,w,397,847254,6,21,0.6
340,r,185,847615,4,32,0
347,r,9,847901,7,20,0
272,r,262,847968,1,15,0
363,r,274,848685,8,5,0
237,r,239,848934,4,19,0
58,w,398,848997,7,58,0.6
7,w,399,849291,6,7,0.6
369,r,201,849444,3,10,0
5,w,400,850717,6,5,0.6
133,r,83,851113,7,5,0
186,r,62,851152,7,19,0
222,r,184,851449,6,15,0
470,r,204,852404,6,25,0
7,w,401,852602,2,7,0.6
248,r,21,852636,4,16,0
313,r,172,852951,2,43,0
138,r,143,853821,4,3,0
122,r,196,853966,8,20,0
266,r,248,854457,6,15,0
153,r,167,854936,4,19,0
471,r,138,855073,5,6,0
134,r,269,855706,4,4,0
259,r,17,855835,4,2,0
120,r,49,856568,2,6,0
425,r,237,856616,6,16,0
546,r,31,856899,7,22,0
361,r,115,856926,4,6,0
476,r,312,857510,1,45,0
135,r,37,857748,5,13,0
183,r,57,858709,4,5,0
525,r,178,858943,6,62,0
467,r,186,859036,3,16,0
483,r,3,859333,4,1,0
174,r,207,859785,5,7,0
197,r,86,859832,4,11,0
325,r,211,860089,8,13,0
320,r,248,861217,6,15,0
171,r,134,861248,10,18,0
22,w,402,861765,6,22,0.6
122,r,189,862041,2,14,0
9,w,403,862322,4,9,0.6
160,r,295,862469,2,22,0
19,w,404,862700,5,19,0.6
439,r,188,863542,6,7,0
241,r,154,863552,7,10,0
147,r,221,864036,3,10,0
274,r,280,864174,5,20,0
271,r,111,864424,7,63,0
337,r,258,864855,7,50,0
3,w,405,865089,4,3,0.6
142,r,116,866441,4,11,0
155,r,193,866514,2,18,0
57,w,406,866696,6,57,0.6
420,r,271,866941,2,109,0
206,r,72,867250,5,102,0
444,r,54,867986,8,20,0
61,w,407,868108,3,61,0.6
177,r,78,868624,3,20,0
354,r,42,869081,8,104,0
481,r,16,869668,5,18,0
398,r,204,869835,6,25,0
153,r,162,869845,6,11,0
414,r,209,870158,5,21,0
463,r,209,870729,5,21,0
3,w,408,870823,3,3,0.6
8,w,409,870950,4,8,0.6
297,r,3,871638,4,1,0
341,r,76,872004,7,1,0
378,r,149,872241,4,11,0
384,r,135,872347,3,10,0
488,r,35,872639,8,13,0
173,r,87,873527,5,20,0
295,r,160,874392,6,11,0
314,r,56,874560,2,8,0
103,w,410,874915,2,103,0.6
285,r,187,875493,5,11,0
171,r,84,875538,4,13,0
491,r,134,876247,10,18,0
122,r,70,876301,3,11,0
10,w,411,876921,5,10,0.6
14,w,412,876935,7,14,0.6
290,r,233,877724,3,1,0
397,r,165,878466,6,10,0
315,r,249,878813,7,12,0
102,w,413,878928,1,102,0.6
300,r,166,879379,7,1,0
239,r,122,879682,5,17,0
346,r,64,880051,7,1,0
411,r,2,880261,2,4,0
14,w,414,880576,1,14,0.6
536,r,70,881194,3,11,0
314,r,185,881306,4,32,0
394,r,244,881363,3,17,0
207,r,289,881902,5,12,0
379,r,286,883209,6,76,0
178,r,238,883283,5,6,0
482,r,162,883319,6,11,0
251,r,153,883699,6,106,0
497,r,257,884337,7,19,0
475,r,145,884751,6,6,0
323,r,259,885645,4,16,0
164,r,258,885698,7,50,0
20,w,415,886985,6,20,0.6
290,r,95,887588,5,21,0
297,r,28,887901,2,3,0
448,r,238,888205,5,6,0
303,r,153,889228,6,106,0
333,r,94,889459,4,52,0
455,r,173,889482,5,32,0
203,r,264,889810,3,3,0
180,r,138,890361,5,6,0
147,r,312,891077,1,45,0
140,r,280,891372,5,20,0
255,r,124,891851,4,9,0
13,w,416,892215,8,13,0.6
383,r,109,892807,4,12,0
249,r,75,893110,7,11,0
10,w,417,893222,4,10,0.6
12,w,418,893606,5,12,0.6
252,r,243,894539,8,20,0
312,r,80,894757,4,18,0
121,r,94,894896,4,52,0
485,r,124,896081,4,9,0
436,r,175,896981,8,15,0
513,r,68,897246,6,21,0
461,r,215,897580,4,89,0
166,r,187,897866,5,11,0
422,r,129,899242,4,14,0
233,r,170,899256,4,16,0
204,r,63,900585,1,3,0
6,w,419,902070,8,6,0.6
161,r,236,902092,4,104,0
407,r,22,904432,3,15,0
15,w,420,904552,5,15,0.6
439,r,221,905938,3,10,0
211,r,123,906531,5,54,0
436,r,250,907010,2,6,0
212,r,194,908563,5,6,0
320,r,27,909450,5,16,0
472,r,214,911114,7,13,0
329,r,216,912988,6,2,0
14,w,421,915708,4,14,0.6
227,r,123,917718,5,54,0
431,r,247,919958,6,21,0
395,r,187,921100,5,11,0
284,r,29,923353,5,10,0
525,r,84,924554,4,13,0
1,w,422,926486,9,1,0.6
3,w,423,927862,5,3,0.6
171,r,18,929933,6,64,0
166,r,11,931053,3,16,0
330,r,266,932939,3,69,0
6,w,424,934516,3,6,0.6
90,w,425,937399,6,90,0.6
159,r,167,937881,4,19,0
413,r,237,938161,6,16,0
10,w,426,938984,4,10,0.6
6,w,427,940177,1,6,0.6
156,r,18,940598,6,64,0
372,r,24,941444,3,4,0
536,r,137,941755,2,22,0
16,w,428,942556,6,16,0.6
409,r,18,943681,6,64,0
206,r,164,943888,6,14,0
354,r,241,944055,5,22,0
487,r,228,945108,5,14,0
36,w,429,945414,3,36,0.6
8,w,430,946304,10,8,0.6
165,r,100,946629,4,12,0
321,r,162,947205,6,11,0
509,r,193,947673,2,18,0
15,w,431,948348,4,15,0.6
234,r,199,949065,2,12,0
138,r,172,949113,2,43,0
295,r,222,949351,4,15,0
163,r,318,949359,5,20,0
379,r,108,950446,9,99,0
531,r,170,950965,4,16,0
250,r,256,951492,7,101,0
509,r,205,951927,3,20,0
71,w,432,951978,7,71,0.6
125,r,187,952593,5,11,0
526,r,302,953370,3,82,0
446,r,334,953764,4,1,0
318,r,142,954069,6,25,0
173,r,136,955012,5,18,0
146,r,93,955144,5,9,0
546,r,169,955540,5,5,0
147,r,121,955584,3,20,0
367,r,36,956206,2,9,0
111,r,50,956570,6,56,0
462,r,278,956854,1,4,0
83,w,433,956973,3,83,0.6
18,w,434,957845,4,18,0.6
396,r,262,958580,1,15,0
258,r,212,958675,6,8,0
277,r,30,958749,5,7,0
369,r,144,959344,4,16,0
481,r,245,959905,7,10,0
367,r,108,960045,9,99,0
2,w,435,961252,10,2,0.6
390,r,290,961264,5,19,0
21,w,436,961447,8,21,0.6
356,r,83,961632,7,5,0
291,r,158,962516,3,17,0
2,w,437,962657,3,2,0.6
518,r,295,962992,2,22,0
461,r,200,963446,4,10,0
150,r,242,963851,5,12,0
375,r,232,964181,7,21,0
173,r,299,964510,4,12,0
264,r,137,965067,2,22,0
120,r,199,965223,2,12,0
423,r,58,965616,6,47,0
265,r,5,965877,6,14,0
508,r,253,966730,4,8,0
13,w,438,967311,5,13,0.6
154,r,74,967466,9,9,0
173,r,9,967743,7,20,0
345,r,134,968263,10,18,0
416,r,127,968585,5,21,0
228,r,287,968713,7,50,0
344,r,248,968803,6,15,0
437,r,337,970479,5,31,0
122,r,233,970581,3,1,0
452,r,32,970683,7,9,0
9,w,439,970772,5,9,0.6
140,r,70,971060,3,11,0
330,r,220,971901,8,70,0
198,r,182,971906,8,1,0
352,r,311,971969,3,19,0
21,w,440,973093,5,21,0.6
252,r,57,973127,4,5,0
361,r,318,973658,5,20,0
455,r,258,973760,7,50,0
420,r,326,974438,4,15,0
271,r,155,974736,9,4,0
514,r,291,975409,6,7,0
255,r,140,975586,5,4,0
417,r,79,975771,5,14,0
314,r,332,976310,4,76,0
349,r,154,976637,7,10,0
362,r,223,977126,5,30,0
388,r,315,977687,6,13,0
215,r,81,977830,6,5,0
209,r,182,978547,8,1,0
449,r,208,979053,7,17,0
433,r,88,979436,3,7,0
357,r,208,980053,7,17,0
170,r,228,980214,5,14,0
18,w,441,980357,4,18,0.6
157,r,165,980455,6,10,0
260,r,78,981165,3,20,0
17,w,442,981396,5,17,0.6
5,w,443,981556,4,5,0.6
175,r,91,981796,3,16,0
532,r,83,981854,7,5,0
537,r,132,982910,9,2,0
523,r,268,983509,8,20,0
544,r,132,983837,9,2,0
59,w,444,983901,6,59,0.6
258,r,98,984128,7,21,0
285,r,328,984285,2,7,0
400,r,255,984972,8,29,0
310,r,144,985130,4,16,0
541,r,283,985789,1,2,0
226,r,250,986217,2,6,0
357,r,142,986242,6,25,0
335,r,224,987191,6,16,0
121,r,198,987223,4,9,0
504,r,313,987655,4,69,0
208,r,47,987985,8,22,0
18,w,445,988115,4,18,0.6
433,r,42,988482,8,104,0
178,r,281,988540,6,19,0
543,r,232,988846,7,21,0
22,w,446,989330,3,22,0.6
61,w,447,989726,6,61,0.6
178,r,15,990111,6,5,0
489,r,13,991048,5,106,0
196,r,244,991599,3,17,0
313,r,94,991802,4,52,0
147,r,294,992153,5,8,0
421,r,144,992266,4,16,0
413,r,181,992550,7,4,0
237,r,23,992747,6,19,0
247,r,319,993631,9,98,0
212,r,93,993684,5,9,0
60,w,448,993838,3,60,0.6
1,w,449,994024,7,1,0.6
14,w,450,994082,6,14,0.6
288,r,74,995325,9,9,0
443,r,283,995365,1,2,0
93,w,451,995477,5,93,0.6
279,r,27,995826,5,16,0
430,r,48,996199,7,15,0
120,r,240,996659,7,109,0
371,r,143,996859,4,3,0
507,r,88,998010,3,7,0
508,r,21,998273,4,16,0
40,w,452,998460,3,40,0.6
170,r,96,998842,7,6,0
369,r,244,999036,3,17,0
502,r,332,999217,4,76,0
11,w,453,999564,4,11,0.6
369,r,197,999891,8,19,0
279,r,166,1000424,7,1,0
249,r,141,1000791,2,6,0
57,w,454,1001143,5,57,0.6
67,w,455,1001163,7,67,0.6
165,r,264,1001762,3,3,0
140,r,323,1002058,2,16,0
512,r,309,1002098,3,9,0
69,w,456,1002484,3,69,0.6
139,r,209,1002513,5,21,0
333,r,146,1003554,7,45,0
308,r,70,1003816,3,11,0
458,r,190,1003913,4,15,0
144,r,214,1004488,7,13,0
300,r,89,1004952,2,15,0
230,r,337,1006045,5,31,0
370,r,320,1006351,4,16,0
445,r,210,1006394,10,7,0
5,w,457,1006638,4,5,0.6
329,r,180,1006667,5,78,0
317,r,291,1007658,6,7,0
390,r,47,1008164,8,22,0
506,r,204,1008203,6,25,0
122,r,324,1008291,6,2,0
471,r,10,1008594,2,11,0
367,r,332,1008718,4,76,0
502,r,217,1009300,8,16,0
455,r,160,1009429,6,11,0
229,r,188,1009791,6,7,0
158,r,307,1010171,3,4,0
130,r,125,1010634,5,15,0
211,r,76,1011253,7,1,0
450,r,206,1011261,2,15,0
396,r,199,1011531,2,12,0
7,w,458,1011828,4,7,0.6
547,r,244,1012096,3,17,0
6,w,459,1012673,9,6,0.6
413,r,53,1012770,5,7,0
6,w,460,1013430,9,6,0.6
102,w,461,1014089,5,102,0.6
259,r,313,1014136,4,69,0
97,w,462,1014653,3,97,0.6
533,r,8,1014814,5,20,0
248,r,26,1015934,4,4,0
392,r,180,1016101,5,78,0
547,r,165,1016239,6,10,0
207,r,139,1017551,6,1,0
140,r,104,1018104,5,19,0
504,r,300,1018248,8,6,0
546,r,285,1018748,7,7,0
318,r,174,1018792,6,10,0
146,r,262,1019815,1,15,0
6,w,463,1020863,5,6,0.6
391,r,264,1021020,3,3,0
380,r,6,1021089,7,18,0
201,r,126,1021982,4,6,0
1,w,464,1022219,2,1,0.6
227,r,42,1022533,8,104,0
182,r,85,1023305,5,93,0
65,w,465,1023562,4,65,0.6
415,r,121,1023989,3,20,0
8,w,466,1024159,5,8,0.6
345,r,23,1025019,6,19,0
232,r,113,1025204,5,20,0
7,w,467,1025397,7,7,0.6
338,r,223,1026211,5,30,0
21,w,468,1026727,2,21,0.6
181,r,21,1026820,4,16,0
6,w,469,1026917,6,6,0.6
140,r,75,1027922,7,11,0
363,r,296,1028164,1,9,0
1,w,470,1028487,6,1,0.6
166,r,123,1029144,5,54,0
473,r,88,1030881,3,7,0
19,w,471,1031386,7,19,0.6
201,r,176,1032651,5,20,0
433,r,285,1032997,7,7,0
487,r,290,1034379,5,19,0
325,r,145,1034528,6,6,0
166,r,165,1035734,6,10,0
493,r,335,1036422,4,13,0
177,r,181,1037614,7,4,0
22,w,472,1038220,5,22,0.6
18,w,473,1038629,3,18,0.6
279,r,71,1040182,8,13,0
142,r,141,1040678,2,6,0
215,r,337,1041886,5,31,0
209,r,190,1043000,4,15,0
550,r,246,1045441,4,58,0
405,r,240,1046775,7,109,0
201,r,57,1049746,4,5,0
208,r,227,1051096,4,77,0
152,r,101,1052101,6,7,0
257,r,85,1054661,5,93,0
263,r,41,1056276,3,17,0
283,r,29,1057409,5,10,0
525,r,91,1058178,3,16,0
301,r,278,1058782,1,4,0
210,r,122,1059451,5,17,0
546,r,167,1059820,4,19,0
438,r,143,1060178,4,3,0
482,r,176,1061151,5,20,0
15,w,474,1061450,3,15,0.6
265,r,196,1062483,8,20,0
459,r,48,1062667,7,15,0
311,r,221,1063041,3,10,0
459,r,30,1064108,5,7,0
2,w,475,1064393,9,2,0.6
15,w,476,1064548,5,15,0.6
453,r,161,1065822,4,1,0
545,r,238,1066026,5,6,0
286,r,255,1066563,8,29,0
522,r,4,1067293,7,3,0
16,w,477,1067438,6,16,0.6
87,w,478,1068538,5,87,0.6
15,w,479,1068796,8,15,0.6
308,r,59,1069219,5,6,0
122,r,125,1069630,5,15,0
316,r,252,1070610,8,43,0
394,r,147,1070681,8,22,0
1,w,480,1070795,3,1,0.6
328,r,90,1070869,9,7,0
438,r,134,1072025,10,18,0
190,r,331,1072496,8,20,0
523,r,34,1072912,3,15,0
325,r,183,1073003,5,10,0
385,r,254,1073846,6,21,0
194,r,382,1074320,3,100,0
486,r,186,1074461,3,16,0
12,w,481,1074972,6,12,0.6
261,r,406,1075467,6,57,0
367,r,137,1075531,2,22,0
7,w,482,1076200,4,7,0.6
149,r,222,1076433,4,15,0
1,w,483,1076685,4,1,0.6
498,r,155,1077384,9,4,0
516,r,87,1077613,5,20,0
492,r,158,1078083,3,17,0
528,r,248,1078147,6,15,0
365,r,333,1078163,5,4,0
410,r,183,1079099,5,10,0
72,w,484,1079102,5,72,0.6
541,r,168,1079253,4,13,0
285,r,68,1079335,6,21,0
531,r,107,1079658,3,18,0
258,r,303,1080203,4,18,0
5,w,485,1080577,4,5,0.6
21,w,486,1080776,5,21,0.6
22,w,487,1081274,7,22,0.6
292,r,131,1081381,8,6,0
324,r,103,1081516,3,13,0
224,r,55,1081798,2,13,0
334,r,103,1082039,3,13,0
362,r,167,1082368,4,19,0
493,r,31,1082996,7,22,0
335,r,366,1083831,4,3,0
504,r,19,1083991,5,16,0
133,r,48,1084157,7,15,0
286,r,90,1084196,9,7,0
9,w,488,1084763,7,9,0.6
287,r,49,1085139,2,6,0
419,r,245,1085204,7,10,0
4,w,489,1085475,6,4,0.6
5,w,490,1086088,6,5,0.6
348,r,70,1086665,3,11,0
9,w,491,1086839,7,9,0.6
411,r,88,1086854,3,7,0
376,r,23,1087209,6,19,0
14,w,492,1088055,3,14,0.6
364,r,325,1088165,5,11,0
143,r,42,1088371,8,104,0
468,r,246,1088677,4,58,0
462,r,354,1089392,2,89,0
501,r,17,1089437,4,2,0
18,w,493,1089573,6,18,0.6
330,r,348,1090104,5,1,0
526,r,367,1090167,4,7,0
9,w,494,1090711,3,9,0.6
505,r,294,1090994,5,8,0
276,r,189,1091124,2,14,0
22,w,495,1091837,4,22,0.6
539,r,101,1092483,6,7,0
337,r,363,1092594,1,70,0
323,r,261,1093204,4,2,0
538,r,128,1093467,4,9,0
401,r,272,1094016,4,25,0
111,r,306,1094740,5,10,0
213,r,117,1094747,9,9,0
519,r,293,1094864,7,11,0
6,w,496,1095961,6,6,0.6
535,r,92,1095962,5,39,0
248,r,189,1096012,2,14,0
302,r,309,1096277,3,9,0
16,w,497,1096554,5,16,0.6
6,w,498,1097321,4,6,0.6
452,r,327,1097758,4,2,0
132,r,128,1098391,4,9,0
385,r,291,1098769,6,7,0
217,r,97,1098777,3,16,0
509,r,145,1098840,6,6,0
536,r,335,1098916,4,13,0
15,w,499,1099502,6,15,0.6
213,r,4,1100104,7,3,0
75,w,500,1100391,2,75,0.6
201,r,335,1100395,4,13,0
531,r,238,1101175,5,6,0
163,r,191,1101671,10,50,0
74,w,501,1102002,4,74,0.6
21,w,502,1102197,5,21,0.6
492,r,59,1102465,5,6,0
465,r,265,1102894,4,3,0
205,r,247,1103127,6,21,0
272,r,146,1103410,7,45,0
367,r,114,1104089,8,73,0
526,r,6,1104556,7,18,0
505,r,126,1104878,4,6,0
323,r,19,1105261,5,16,0
3,w,503,1105486,7,3,0.6
198,r,142,1105683,6,25,0
137,r,376,1106377,4,5,0
253,r,29,1106479,5,10,0
277,r,174,1106547,6,10,0
433,r,85,1107100,5,93,0
135,r,314,1107219,2,26,0
479,r,230,1107521,7,42,0
125,r,314,1107603,2,26,0
12,w,504,1108272,4,12,0.6
370,r,235,1108665,5,5,0
286,r,319,1109047,9,98,0
168,r,123,1109458,5,54,0
350,r,148,1109676,5,21,0
534,r,145,1109865,6,6,0
125,r,370,1109896,6,50,0
223,r,271,1110248,2,109,0
58,w,505,1111324,5,58,0.6
165,r,101,1111370,6,7,0
332,r,186,1111745,3,16,0
6,w,506,1112123,4,6,0.6
388,r,373,1112129,5,21,0
181,r,42,1112434,8,104,0
270,r,220,1113131,8,70,0
406,r,194,1113255,5,6,0
486,r,64,1113416,7,1,0
462,r,16,1113633,5,18,0
296,r,61,1113861,7,17,0
187,r,232,1114828,7,21,0
298,r,193,1115579,2,18,0
176,r,54,1115585,8,20,0
5,w,507,1115932,3,5,0.6
394,r,207,1116021,5,7,0
182,r,355,1116963,2,1,0
462,r,235,1116982,5,5,0
132,r,322,1117615,8,3,0
293,r,7,1117649,3,9,0
123,r,82,1118197,6,18,0
292,r,283,1118400,1,2,0
496,r,66,1118624,6,9,0
526,r,61,1118729,7,17,0
509,r,83,1118748,7,5,0
343,r,28,1119561,2,3,0
413,r,354,1119980,2,89,0
397,r,82,1120443,6,18,0
405,r,328,1120898,2,7,0
363,r,340,1121407,8,107,0
304,r,89,1121581,2,15,0
267,r,220,1121857,8,70,0
507,r,302,1122040,3,82,0
231,r,117,1122420,9,9,0
205,r,76,1123073,7,1,0
218,r,156,1123253,3,96,0
192,r,255,1123491,8,29,0
210,r,195,1123754,1,19,0
517,r,90,1124738,9,7,0
466,r,148,1125508,5,21,0
229,r,29,1125532,5,10,0
296,r,136,1126068,5,18,0
15,w,508,1126618,3,15,0.6
327,r,289,1127069,5,12,0
18,w,509,1127312,9,18,0.6
454,r,334,1127864,4,1,0
208,r,309,1128019,3,9,0
549,r,84,1128582,4,13,0
131,r,274,1128835,8,5,0
143,r,182,1129904,8,1,0
355,r,268,1129928,8,20,0
401,r,254,1130060,6,21,0
539,r,6,1130123,7,18,0
285,r,332,1130944,4,76,0
257,r,285,1131558,7,7,0
330,r,144,1131646,4,16,0
515,r,133,1131676,6,72,0
530,r,156,1133484,3,96,0
134,r,136,1133585,5,18,0
21,w,510,1133600,6,21,0.6
426,r,307,1134407,3,4,0
14,w,511,1134623,5,14,0.6
185,r,71,1135364,8,13,0
121,r,236,1135372,4,104,0
384,r,247,1136250,6,21,0
487,r,250,1136340,2,6,0
18,w,512,1136820,7,18,0.6
402,r,244,1136912,3,17,0
483,r,306,1138052,5,10,0
7,w,513,1138565,5,7,0.6
26,w,514,1138721,4,26,0.6
172,r,29,1138882,5,10,0
113,r,287,1139560,7,50,0
205,r,82,1140555,6,18,0
3,w,515,1140673,6,3,0.6
20,w,516,1141259,5,20,0.6
19,w,517,1141762,4,19,0.6
8,w,518,1141881,5,8,0.6
15,w,519,1142519,5,15,0.6
248,r,145,1142961,6,6,0
544,r,366,1143438,4,3,0
11,w,520,1143854,5,11,0.6
254,r,340,1144285,8,107,0
52,w,521,1144289,5,52,0.6
445,r,51,1145104,10,2,0
344,r,251,1145493,7,2,0
298,r,67,1145881,9,12,0
333,r,348,1146713,5,1,0
98,w,522,1147146,7,98,0.6
135,r,105,1148435,5,11,0
1,w,523,1148935,9,1,0.6
21,w,524,1150320,2,21,0.6
338,r,198,1151141,4,9,0
152,r,48,1152099,7,15,0
138,r,53,1153308,5,7,0
137,r,94,1153478,4,52,0
15,w,525,1155263,4,15,0.6
493,r,150,1156009,8,22,0
346,r,311,1157447,3,19,0
131,r,253,1158535,4,8,0
342,r,375,1159562,5,6,0
220,r,406,1161744,6,57,0
130,r,368,1163280,3,9,0
349,r,310,1164874,10,21,0
277,r,7,1167296,3,9,0
447,r,236,1168746,4,104,0
546,r,372,1170528,1,16,0
405,r,40,1171894,4,10,0
366,r,268,1173810,8,20,0
525,r,183,1175369,5,10,0
510,r,184,1177019,6,15,0
281,r,113,1178249,5,20,0
180,r,410,1179961,2,103,0
180,r,239,1181791,4,19,0
1,w,526,1182805,4,1,0.6
425,r,397,1183387,6,21,0
424,r,286,1184787,6,76,0
350,r,335,1184995,4,13,0
516,r,186,1185173,3,16,0
436,r,145,1185871,6,6,0
492,r,336,1187402,6,96,0
